{
  "viscosity": [
    {
      "fold": 0,
      "n_features": 37,
      "n_train_cpds": 684,
      "n_test_cpds": 172,
      "n_hc_test_pts": 480,
      "std_metrics": {
        "mse": 3.118499755859375,
        "rmse": 1.7659274492060468,
        "mae": 1.0287741422653198,
        "r2": 0.4741870164871216,
        "mape": 12.002041935920715
      },
      "real_metrics": {
        "mse": 6.5369822550565e-05,
        "rmse": 0.008085160638513313,
        "mae": 0.0008960483828559518,
        "r2": 0.15654557943344116,
        "mape": 1566.1150932312012
      },
      "hc_metrics": {
        "mse": 1.6142827519161074e-07,
        "rmse": 0.00040178137735789936,
        "mae": 0.00018596320296637714,
        "r2": 0.6953652203083038,
        "mape": 99.75536465644836
      }
    },
    {
      "fold": 1,
      "n_features": 31,
      "n_train_cpds": 685,
      "n_test_cpds": 171,
      "n_hc_test_pts": 401,
      "std_metrics": {
        "mse": 2.2515640258789062,
        "rmse": 1.5005212513919641,
        "mae": 0.942812979221344,
        "r2": 0.6427497863769531,
        "mape": 13.038834929466248
      },
      "real_metrics": {
        "mse": 0.0004833304265048355,
        "rmse": 0.021984777153858884,
        "mae": 0.002106007654219866,
        "r2": 0.2956588864326477,
        "mape": 946.7350959777832
      },
      "hc_metrics": {
        "mse": 9.330480565949983e-08,
        "rmse": 0.0003054583533961706,
        "mae": 0.00013094430323690176,
        "r2": 0.7623118758201599,
        "mape": 798.8393306732178
      }
    },
    {
      "fold": 2,
      "n_features": 38,
      "n_train_cpds": 685,
      "n_test_cpds": 171,
      "n_hc_test_pts": 473,
      "std_metrics": {
        "mse": 1.9678195714950562,
        "rmse": 1.4027899242206783,
        "mae": 0.8440777659416199,
        "r2": 0.7301747500896454,
        "mape": 21.09035849571228
      },
      "real_metrics": {
        "mse": 0.027045896276831627,
        "rmse": 0.16445636587506007,
        "mae": 0.010378964245319366,
        "r2": 0.02803933620452881,
        "mape": 962.8986358642578
      },
      "hc_metrics": {
        "mse": 7.379080102509761e-07,
        "rmse": 0.0008590157217717125,
        "mae": 0.000426784303272143,
        "r2": 0.6835559606552124,
        "mape": 505.6560516357422
      }
    },
    {
      "fold": 3,
      "n_features": 22,
      "n_train_cpds": 685,
      "n_test_cpds": 171,
      "n_hc_test_pts": 376,
      "std_metrics": {
        "mse": 2.05932354927063,
        "rmse": 1.435034337314139,
        "mae": 0.9006193280220032,
        "r2": 0.6952479481697083,
        "mape": 22.46037870645523
      },
      "real_metrics": {
        "mse": 0.018059756606817245,
        "rmse": 0.13438659385079021,
        "mae": 0.013841508887708187,
        "r2": 0.053805768489837646,
        "mape": 1502.2430419921875
      },
      "hc_metrics": {
        "mse": 3.1060980631991697e-07,
        "rmse": 0.0005573237894796139,
        "mae": 0.00021360536629799753,
        "r2": 0.7425797879695892,
        "mape": 1172.0614433288574
      }
    },
    {
      "fold": 4,
      "n_features": 28,
      "n_train_cpds": 685,
      "n_test_cpds": 171,
      "n_hc_test_pts": 461,
      "std_metrics": {
        "mse": 2.51301646232605,
        "rmse": 1.585249652996666,
        "mae": 0.9625027179718018,
        "r2": 0.6482090353965759,
        "mape": 11.473138630390167
      },
      "real_metrics": {
        "mse": 0.0006033179233781993,
        "rmse": 0.024562530882997365,
        "mae": 0.0018361363327130675,
        "r2": 0.23371416330337524,
        "mape": 3383.5548400878906
      },
      "hc_metrics": {
        "mse": 2.2380322661774699e-07,
        "rmse": 0.00047307845714822714,
        "mae": 0.00020616214897017926,
        "r2": 0.632678210735321,
        "mape": 442.81582832336426
      }
    }
  ],
  "surface_tension": [
    {
      "fold": 0,
      "n_features": 26,
      "n_train_cpds": 570,
      "n_test_cpds": 143,
      "n_hc_test_pts": 232,
      "std_metrics": {
        "mse": 1.664340561546851e-05,
        "rmse": 0.004079633024607545,
        "mae": 0.002414157846942544,
        "r2": 0.8676811307668686,
        "mape": 48.89609515666962
      },
      "real_metrics": {
        "mse": 1.664340561546851e-05,
        "rmse": 0.004079633024607545,
        "mae": 0.002414157846942544,
        "r2": 0.8676811307668686,
        "mape": 48.89609515666962
      },
      "hc_metrics": {
        "mse": 1.6761064216552768e-06,
        "rmse": 0.0012946452879670466,
        "mae": 0.000994263682514429,
        "r2": 0.9797569308429956,
        "mape": 40.5691921710968
      }
    },
    {
      "fold": 1,
      "n_features": 25,
      "n_train_cpds": 570,
      "n_test_cpds": 143,
      "n_hc_test_pts": 316,
      "std_metrics": {
        "mse": 0.0002749412087723613,
        "rmse": 0.01658135123481682,
        "mae": 0.00703895790502429,
        "r2": 0.10626441240310669,
        "mape": 283.6556673049927
      },
      "real_metrics": {
        "mse": 0.00027494036476127803,
        "rmse": 0.016581325784184992,
        "mae": 0.007038217503577471,
        "r2": 0.10626715421676636,
        "mape": 58.06586742401123
      },
      "hc_metrics": {
        "mse": 1.3325121472007595e-05,
        "rmse": 0.003650359088090868,
        "mae": 0.0023488968145102262,
        "r2": 0.8534158617258072,
        "mape": 41.797059774398804
      }
    },
    {
      "fold": 2,
      "n_features": 24,
      "n_train_cpds": 570,
      "n_test_cpds": 143,
      "n_hc_test_pts": 491,
      "std_metrics": {
        "mse": 5.6592150940559804e-05,
        "rmse": 0.007522775481201058,
        "mae": 0.0030014673247933388,
        "r2": 0.6059554219245911,
        "mape": 258.02717208862305
      },
      "real_metrics": {
        "mse": 5.637184585793875e-05,
        "rmse": 0.007508118663016638,
        "mae": 0.0029976563528180122,
        "r2": 0.6074893772602081,
        "mape": 35.189393162727356
      },
      "hc_metrics": {
        "mse": 5.2791197958868e-05,
        "rmse": 0.007265755154068158,
        "mae": 0.0023708706721663475,
        "r2": 0.6826055645942688,
        "mape": 28.02700400352478
      }
    },
    {
      "fold": 3,
      "n_features": 30,
      "n_train_cpds": 571,
      "n_test_cpds": 142,
      "n_hc_test_pts": 310,
      "std_metrics": {
        "mse": 7.284005550900474e-05,
        "rmse": 0.0085346385693247,
        "mae": 0.004100393503904343,
        "r2": 0.5873854160308838,
        "mape": 444.71592903137207
      },
      "real_metrics": {
        "mse": 7.274719246197492e-05,
        "rmse": 0.008529196472234352,
        "mae": 0.004097855184227228,
        "r2": 0.5879114866256714,
        "mape": 444.6166515350342
      },
      "hc_metrics": {
        "mse": 5.558850534725934e-05,
        "rmse": 0.0074557699365833,
        "mae": 0.003575151087716222,
        "r2": 0.37263667583465576,
        "mape": 429.343843460083
      }
    },
    {
      "fold": 4,
      "n_features": 24,
      "n_train_cpds": 571,
      "n_test_cpds": 142,
      "n_hc_test_pts": 376,
      "std_metrics": {
        "mse": 5.9799549489980564e-05,
        "rmse": 0.007733016842732244,
        "mae": 0.0037285287398844957,
        "r2": 0.6201518774032593,
        "mape": 110.88179349899292
      },
      "real_metrics": {
        "mse": 5.978818444418721e-05,
        "rmse": 0.007732281968745527,
        "mae": 0.0037256909999996424,
        "r2": 0.6202240586280823,
        "mape": 110.18483638763428
      },
      "hc_metrics": {
        "mse": 6.614188168896362e-05,
        "rmse": 0.008132765931032543,
        "mae": 0.0034121808130294085,
        "r2": 0.2272445559501648,
        "mape": 323.346209526062
      }
    }
  ]
}