{
  "viscosity": [
    {
      "fold": 0,
      "ab": {
        "mse": 572024.5625,
        "rmse": 756.3230543226882,
        "mae": 342.6184997558594,
        "r2": 0.7395410239696503,
        "mape": 21.818895637989044
      },
      "recon_all": {
        "mse": 0.010337964538759738,
        "rmse": 0.1016757814760218,
        "mae": 0.014439392446750675,
        "r2": 0.18917556586547923,
        "mape": 680.6231601872198
      },
      "recon_hc": {
        "mse": 1.5489374381075167e-07,
        "rmse": 0.0003935654250702819,
        "mae": 0.00035466947377589856,
        "r2": 0.9131608412216731,
        "mape": 22.580541854393765
      },
      "n_test": 38,
      "n_hc_test": 5,
      "n_features": 42
    },
    {
      "fold": 1,
      "ab": {
        "mse": 356391.65625,
        "rmse": 596.9854740695121,
        "mae": 246.38209533691406,
        "r2": 0.801902711391449,
        "mape": 29.952585697174072
      },
      "recon_all": {
        "mse": 0.00021195294137355247,
        "rmse": 0.01455860368900646,
        "mae": 0.0022369529172468067,
        "r2": 0.5333331948194084,
        "mape": 2219.524008486267
      },
      "recon_hc": {
        "mse": 1.569988580287002e-07,
        "rmse": 0.000396230814082777,
        "mae": 0.00023683803416355836,
        "r2": 0.2906041334193803,
        "mape": 3139.574802784712
      },
      "n_test": 38,
      "n_hc_test": 8,
      "n_features": 48
    },
    {
      "fold": 2,
      "ab": {
        "mse": 165419.515625,
        "rmse": 406.71798045451595,
        "mae": 203.8600311279297,
        "r2": 0.8990326300263405,
        "mape": 18.321192264556885
      },
      "recon_all": {
        "mse": 0.020530403969034085,
        "rmse": 0.14328434655967862,
        "mae": 0.023818451719674356,
        "r2": 0.3712513471650237,
        "mape": 84.81056910368179
      },
      "recon_hc": {
        "mse": 6.26259081628115e-08,
        "rmse": 0.000250251689630283,
        "mae": 0.0001821234783049604,
        "r2": 0.6720479978492018,
        "mape": 28.791191622961946
      },
      "n_test": 38,
      "n_hc_test": 12,
      "n_features": 60
    },
    {
      "fold": 3,
      "ab": {
        "mse": 262298.875,
        "rmse": 512.1512227848333,
        "mae": 272.924560546875,
        "r2": 0.8369340598583221,
        "mape": 22.081907093524933
      },
      "recon_all": {
        "mse": 0.00027222222121498673,
        "rmse": 0.016499158197162266,
        "mae": 0.003915581571698782,
        "r2": 0.6341514928690637,
        "mape": 691.3205358397861
      },
      "recon_hc": {
        "mse": 5.306037279512458e-07,
        "rmse": 0.0007284255129738701,
        "mae": 0.0005648131291613746,
        "r2": 0.1547396196912939,
        "mape": 161.579865229142
      },
      "n_test": 38,
      "n_hc_test": 11,
      "n_features": 49
    },
    {
      "fold": 4,
      "ab": {
        "mse": 72242.0078125,
        "rmse": 268.77873392904434,
        "mae": 144.46908569335938,
        "r2": 0.9534831829369068,
        "mape": 20.56969851255417
      },
      "recon_all": {
        "mse": 0.0006087234326078675,
        "rmse": 0.024672321184028623,
        "mae": 0.003300068173013305,
        "r2": 0.8584911633119445,
        "mape": 2358.1510746491995
      },
      "recon_hc": {
        "mse": 1.4938765091897219e-07,
        "rmse": 0.00038650698689541457,
        "mae": 0.00026906691602958437,
        "r2": 0.8327908572530786,
        "mape": 81.00000817769221
      },
      "n_test": 38,
      "n_hc_test": 10,
      "n_features": 59
    }
  ],
  "surface_tension": [
    {
      "fold": 0,
      "ab": {
        "mse": 1.795673779270146e-05,
        "rmse": 0.004237539119902194,
        "mae": 0.0025383122265338898,
        "r2": 0.9789022095501423,
        "mape": 10.171739757061005
      },
      "recon_all": {
        "mse": 5.9313242426310423e-05,
        "rmse": 0.0077015091005796016,
        "mae": 0.006120365161139425,
        "r2": 0.248130700333962,
        "mape": 105.97944838728279
      },
      "recon_hc": {
        "mse": 2.0600707143680615e-06,
        "rmse": 0.0014352946437467332,
        "mae": 0.0014181554994568645,
        "r2": -0.18905675409660372,
        "mape": 5.030260439253598
      },
      "n_test": 23,
      "n_hc_test": 1,
      "n_features": 40
    },
    {
      "fold": 1,
      "ab": {
        "mse": 0.00011482003901619464,
        "rmse": 0.010715411285442787,
        "mae": 0.005092298611998558,
        "r2": 0.8647599071264267,
        "mape": 19.610777497291565
      },
      "recon_all": {
        "mse": 9.344164175971774e-05,
        "rmse": 0.009666521699128272,
        "mae": 0.007876753543053993,
        "r2": -0.07872807027668705,
        "mape": 567.9341099924802
      },
      "recon_hc": {
        "mse": 0.00010534076309818317,
        "rmse": 0.01026356483382763,
        "mae": 0.008846642728547346,
        "r2": -0.8172607150387892,
        "mape": 697.0229004734014
      },
      "n_test": 22,
      "n_hc_test": 9,
      "n_features": 49
    },
    {
      "fold": 2,
      "ab": {
        "mse": 0.0015198177425190806,
        "rmse": 0.03898483990629025,
        "mae": 0.008654624223709106,
        "r2": -0.8673328161239624,
        "mape": 45.94942033290863
      },
      "recon_all": {
        "mse": 1.749344932116144e-05,
        "rmse": 0.0041825171035109274,
        "mae": 0.002795244487480588,
        "r2": 0.7007732912725986,
        "mape": 59.059283331113974
      },
      "recon_hc": {
        "mse": 5.7391748271655605e-06,
        "rmse": 0.0023956574937093076,
        "mae": 0.0019257581089707973,
        "r2": 0.6039006540739007,
        "mape": 9.973823986496084
      },
      "n_test": 22,
      "n_hc_test": 5,
      "n_features": 41
    },
    {
      "fold": 3,
      "ab": {
        "mse": 2.647467772476375e-05,
        "rmse": 0.005145354965866179,
        "mae": 0.0025277200620621443,
        "r2": 0.9670652411878109,
        "mape": 11.70337125658989
      },
      "recon_all": {
        "mse": 3.994672029369522e-05,
        "rmse": 0.006320341786145368,
        "mae": 0.005015509343452261,
        "r2": 0.6922079021032181,
        "mape": 172.37727522664602
      },
      "recon_hc": {
        "mse": 2.346975186532772e-06,
        "rmse": 0.0015319840686289045,
        "mae": 0.0011864085744670236,
        "r2": 0.9022025621020315,
        "mape": 6.464141171256696
      },
      "n_test": 22,
      "n_hc_test": 5,
      "n_features": 52
    },
    {
      "fold": 4,
      "ab": {
        "mse": 0.00017603757441975176,
        "rmse": 0.01326791522507405,
        "mae": 0.00522104324772954,
        "r2": 0.8511476367712021,
        "mape": 16.399358212947845
      },
      "recon_all": {
        "mse": 0.0013885786230363433,
        "rmse": 0.037263636739270946,
        "mae": 0.03003703572523494,
        "r2": -1.085384808556816,
        "mape": 51.01989069795435
      },
      "recon_hc": {
        "mse": 7.231121038615772e-06,
        "rmse": 0.0026890743832433815,
        "mae": 0.0025623269450642,
        "r2": 0.8165688719194301,
        "mape": 14.345471756831426
      },
      "n_test": 22,
      "n_hc_test": 4,
      "n_features": 58
    }
  ]
}